id;first_name;last_name;middle_name;email;national_id_number;cell_number;province;city;suburb;street_name;street_property_number;unit_number
1;Bulah;Muller;Synchronised Re-contextualized;Hyman_Thiel32@yahoo.com;SDD quantify Graphic Interface;Street ability;markets Path Path;South Stephenmouth;primary;Katlyn Island;Drive approach Cuban Peso Peso Convertible;withdrawal
2;Kacie;Runolfsson;Regional even-keeled;Eve35@yahoo.com;efficient;pricing structure;Chips Direct enterprise;New Yazmin;synthesize Brunei Dollar Fresh;Charles Fort;Mobility;Sausages architect
3;Paris;Olson;RSS Libyan Arab Jamahiriya;Emelia_Ortiz70@yahoo.com;Handcrafted Technician TCP;Regional synthesizing;Moroccan Dirham;West Eloisachester;Licensed;Wendy Way;bluetooth RAM;Books
4;Jaleel;Konopelski;SAS Divide Berkshire;Beth.Gerlach@hotmail.com;Usability;B2C;supply-chains Director Concrete;Jaskolskishire;transmit Haven USB;Christiana Inlet;Utah;Soft
5;Jazmyn;Frami;Intelligent SQL;Reginald_Barton27@hotmail.com;generating Alaska;Somalia;Avon Quality generate;New Frederique;real-time Ghana Handmade Soft Cheese;Donnelly Skyway;proactive Practical Wooden Car Falkland Islands Pound;Security
6;Arlene;Stark;PCI;Kendra_Bashirian62@gmail.com;stable invoice Port;Barbados Dollar quantifying throughput;Plastic Lakes Forward;Bodeburgh;Investment Account index virtual;Fay Walk;Planner;global
7;Kamille;Friesen;cyan Dynamic;Kay71@yahoo.com;backing up;productize;Buckinghamshire;Ellsworthberg;invoice Practical;Strosin Rest;Shoes Auto Loan Account;Gorgeous Plastic Shirt Central African Republic
8;Jefferey;Ruecker;world-class;Andreanne.Lockman@hotmail.com;Iraqi Dinar;24/365 invoice;Administrator Fundamental AI;Patrickborough;Azerbaijanian Manat revolutionize North Carolina;Katharina Place;Small Metal Pants solid state;Bike Realigned
9;Myriam;McGlynn;Music ivory;Raquel_Quigley@hotmail.com;Face to face;Integrated bricks-and-clicks Ergonomic Fresh Salad;Unbranded Frozen Mouse Small;Palmahaven;orchestrate synergies turquoise;Kuphal Ridges;innovate Nebraska cross-platform;deposit
10;Ulices;Bins;fresh-thinking;Kody79@yahoo.com;Awesome Frozen Pizza array;Boliviano Mvdol Grocery implement;auxiliary Industrial;Franeckibury;navigate Automotive;Collins Ridge;withdrawal SSL Books;Handcrafted
