id;plate_number;make;model;engine_number;chassis_number;color;year_first_registered
1;SMS Program;24/7 Vision-oriented connecting;Portugal;transmit Small Plastic Sausages indexing;New Jersey;magenta;Bacon indigo convergence
2;Bedfordshire;Chips Handcrafted Metal Chips Streets;Tasty;maximize Architect Fresh;Beauty Solomon Islands Dollar Auto Loan Account;lavender;generating Berkshire
3;Intelligent parsing;Kentucky Utah;neural;navigating Pataca Kansas;gold Personal Loan Account;azure;South Carolina Representative Arkansas
4;Small Plastic Chips Rustic back-end;definition Future Chad;Practical Frozen Mouse yellow;PCI;Gloves Fresh;orange;Gorgeous Fresh Cheese
5;analyzing Interactions deposit;Expanded Colombian Peso Unidad de Valor Real;Ireland synthesizing red;Creative;Applications drive Ecuador;blue;black Gloves Mississippi
6;Customer South Dakota;drive;quantify;Sausages;cyan Fiji Dollar Orchard;blue;Lempira Romania action-items
7;Berkshire invoice Soap;program compress port;District;Steel;impactful Shirt;tan;extend Zambia
8;24/365;Personal Loan Account Electronics;deposit payment;navigate quantifying back up;Orchestrator calculating;olive;integrated Cambridgeshire
9;Licensed recontextualize Chair;Handmade Extended index;synthesize;Checking Account Quality;Frozen Crossroad Investment Account;grey;Burkina Faso Chips Corporate
10;Assistant Falkland Islands (Malvinas);panel Metical;bluetooth;deposit microchip;redundant;purple;executive navigating Web
